m;px;py;px/py
6;3;1;3
6;2;1;2
9;3;1;3
4;1;1;1
8;2;1;2
5;1;1;1
12;2;3;0.666666667
6;1;2;0.5
6;1;1;1
8;1;2;0.5
9;1;3;0.333333333
8;4;1;4
10;5;1;5
8;1;4;0.25
10;1;5;0.2
6;1;3;0.333333333
4;2;1;2
6;1;2;0.5
4;1;2;0.5
2;2;1;2
2;1;2;0.5